{
  "MAE": 0.39348162074867693,
  "RMSE": 0.811526456829378,
  "R2": 0.7363957673359904
}