{
  "MAE": 0.48760536313056946,
  "RMSE": 0.8566943407058716,
  "R2": 0.7062358856201172
}