{
  "rnn": {
    "MAE": 0.5093556046485901,
    "RMSE": 0.807317852973938,
    "R2": 0.7257552146911621
  },
  "lstm": {
    "MAE": 0.48778584599494934,
    "RMSE": 0.8056795001029968,
    "R2": 0.726867139339447
  },
  "transformer": {
    "MAE": 0.5083372592926025,
    "RMSE": 0.8106617331504822,
    "R2": 0.7234786748886108
  }
}