{
  "random_forest": {
    "MAE": 0.47099104426002597,
    "RMSE": 0.8239365189992807,
    "R2": 0.7143483199653238
  },
  "xgboost": {
    "MAE": 0.48063730423875867,
    "RMSE": 0.8255274780496552,
    "R2": 0.7132441113784549
  },
  "mlp": {
    "MAE": 0.4080244089349921,
    "RMSE": 0.766717030227121,
    "R2": 0.7526456811017418
  }
}